{"cameraMode":{"drawMode":0,"name":"Shaded","section":"Shading Mode"},"sceneLighting":false,"audioPlay":false,"sceneViewState":{"m_AlwaysRefresh":false,"showFog":false,"showSkybox":false,"showFlares":false,"showImageEffects":false,"showParticleSystems":false,"showVisualEffectGraphs":true,"m_FxEnabled":true},"in2DMode":false,"pivot":{"x":0.0018486380577087403,"y":0.8890008926391602,"z":-0.005541771650314331},"rotation":{"x":0.0867365151643753,"y":0.9132465720176697,"z":-0.2843093276023865,"w":0.278617262840271},"size":1.3133354187011719,"orthographic":false}