{"cameraMode":{"drawMode":0,"name":"Shaded","section":"Shading Mode"},"sceneLighting":true,"audioPlay":false,"sceneViewState":{"m_AlwaysRefresh":false,"showFog":true,"showSkybox":true,"showFlares":true,"showImageEffects":true,"showParticleSystems":true,"showVisualEffectGraphs":true,"m_FxEnabled":true},"in2DMode":false,"pivot":{"x":-0.025413930416107179,"y":0.8499569892883301,"z":-0.06895864009857178},"rotation":{"x":0.19259478151798249,"y":-0.0029563107527792455,"z":0.0005851960740983486,"w":0.9812812209129334},"size":2.830766201019287,"orthographic":false}